{
  "books": [
    {
      "id": 1,
      "title": "Harry Potter and philosopher's stone",
      "author": "Joanna Rolling",
      "price": "32",
      "coverImage": "http://www.movienewsletters.net/photos/UKR_025555R1.jpg"
    },
    {
      "id": 2,
      "title": "Harry Potter and the chamber of secrets",
      "author": "Joanna Rolling",
      "price": 45,
      "coverImage": "https://vignette.wikia.nocookie.net/harrypotter/images/c/c0/ALOExwKoxdkdeBvVi7NkaFl5Wa5.jpg/revision/latest?cb=20130803163017"
    },
    {
      "title": "Harry Potter and philosopher's stone",
      "author": "Joanna Rolling!!!",
      "price": "234",
      "coverImage": "http://www.movienewsletters.net/photos/UKR_025555R1.jpg",
      "id": 767704895564885
    },
    {
      "title": "Potter",
      "author": "Joanna ",
      "price": "600",
      "coverImage": "https://dynamic.indigoimages.ca/books/1408855666.jpg?altimages=false&scaleup=true&maxheight=515&width=380&quality=85&sale=0&lang=en",
      "id": 327215261407582
    },
    {
      "title": "Harri Poter wegewg gfewgweg weGWEG AERGEGW GEWg",
      "author": "Rouling",
      "price": "900",
      "coverImage": "https://hpmedia.bloomsbury.com/rep/s/9781408855911_309576.jpeg",
      "id": 581870774080027
    },
    {
      "title": "Super Titile!!!",
      "author": "Cool Author!!!",
      "price": "33",
      "coverImage": "https://encrypted-tbn0.gstatic.com/images?q=tbn:ANd9GcR23u72J3GOaE0Lcjd8Z6hkoRHcudr8k75k-hK2YyTxcTI68nfIvw",
      "id": 4773124469831194
    }
  ],
  "users": [
    {
      "name": "sam",
      "id": "1"
    },
    {
      "name": "55555555@",
      "email": "55555555@",
      "phone": "55555555@",
      "password": "89ab5656b98d4e505cba527ea55523fd2520eb0fecf9ea4b22444a2f5727625b",
      "id": 8431621832468152
    }
  ]
}
